±êÌâ	×÷Õß	ÈÕÆÚ	×´Ì¬	ÓÃ»§	
a	b	2017-11-24	Î´Éó	admin	
a	b	2017-11-24	Î´Éó	admin	
a	b	2017-11-24	Î´Éó	admin	
a	b	2017-11-23	Î´Éó	admin	
a	b	2017-11-23	Î´Éó	admin	
a	b	2017-11-23	Î´Éó	admin	
b	c	2017-11-23	Î´Éó	admin	
c	d	2017-11-23	Î´Éó	admin	
c	d	2017-11-23	Î´Éó	admin	
c	d	2017-11-23	Î´Éó	admin	
c	d	2017-11-23	Î´Éó	admin	
a	b	2017-11-23	Î´Éó	admin	
a	b	2017-11-23	Î´Éó	admin	
a	b	2017-11-23	Î´Éó	admin	
a	b	2017-11-23	Î´Éó	admin	
a	b	2017-11-23	Î´Éó	admin	
a	b	2017-11-23	Î´Éó	admin	
a	b	2017-11-25	Î´Éó	admin	
c	d	2017-11-25	Î´Éó	admin	
ddddd	ssss	2017-11-25	Î´Éó	u18	
ddddd	ssss	2017-11-25	ÒÑÉó	u18	
ddddd1111	ssss	2017-11-25	Ê¡¾ÖÍâÍø	u18	
aa	aa	2017-11-25	Î´Éó	admin	
aa11	aa11	2017-11-25	Î´Éó	admin	
b1	b1	2017-11-25	Î´Éó	admin	
